No,Username,Komentar,Sentimen,platform
1,@phyylisssn,yg daftar digistar internship Telkom udah ada yg dpt email blm sihh? gue bolak balik cek web magenta sama digistar statusnya blm berubah. plss udh ketolak 2 tempat magang ini Allahu,Negatif,x
2,@rabukanramayana,"langittttt, bisa kah kau loloskan aku sampai tahap akhir ke digistar intern telkom/sea labs, aku ingin magang dan konversi sks tanpa menangis (;",Positif,x
3,@ajelnuttz,"kalau kayak bumn telkom kmrn aku coba tuh dia jg via email gt di website digistar intern, bumn lain jg miripâ€ gitu",Netral,x
4,@ajelnuttz,"kalau pemerintahan setau aku rata rata unpaid, bumn beda beda sih sistemnya. kalau telkom yg digistar itu paid bantuan biaya gt sih",Positif,x
5,@doublejeo,"carats dan atinys yang pengen develop softskill ataupun hardskill, coba deh kepoin ini di akun instagram @livingintelkom, kebetulan program digistar telkom buka lagi 2023 ini, ayo jumpa aku juga sebagai salah satu mentor, aku kasih infographics juga ya buat persyaratannya",Positif,x
6,@Me_Blueal,"yang daftar digistar intern telkom siapaaa mauu tauu dong yang udah dapet email siapaa,, pliss ga ada kepastian ada yg bilang udah tapi banyakk yang belommm.",Negatif,x
7,@sukainformasi,Dapatkan kesempatan langka dari Telkom Indonesia melalui Digistar class intern Batch 3: mentoring intensif + real work experience mulai 16 Juni â€” daftar sekarang via platform BUMN!,Positif,x
8,@worksfess,work! Ada yang ikut digistar telkom? Pas r3gist di w3b nya kok provinsi/kota/kecamatan cuma ada Jawa Barat/Sukabumi & Bogor ya? Yang domnya selain disana gimana?,Netral,x
9,dduumdum,"merdeka belajar dikit bgt ğŸ’€âœ‹ğŸ» telkom jg ga masuk + digistar jg dikurangin slotnya, di bdg aja cuma corpu guys",Negatif,x
10,erinaceinae__,ada yg struggling daftar di website telkom digistar ga ya?,Negatif,x
11,vevelalaa_,P ada yg daftar digistar telkom ga?,Netral,x
12,ajelnuttz,"@joy__ox kalau pemerintahan setau aku rata rata unpaid, bumn beda beda sih sistemnya. kalau telkom yg digistar itu paid bantuan biaya gt sih",Positif,x
13,ajelnuttz,"@joy__ox kalau kayak bumn telkom kmrn aku coba tuh dia jg via email gt di website digistar intern, bumn lain jg miripâ€ gitu",Netral,x
14,gizmologi,"Digistar Connect, Komitmen Telkom untuk Talenta Digital Muda di Indonesia https://t.co/G3rEV7TNpZ",Positif,x
15,himaska_unri,Halo Sobatika! ğŸ¤©âœ¨ Ada kabar baik nih buat kamu mahasiswa aktif minimal semester 6! Telkom Indonesia kembali membuka pendaftaran program Digistar Class Intern Batch 3 loh~,Positif,x
16,K1L1O,@BigCheezy_ telkom lagi buka digistar  https://t.co/NsQLlsLdOO,Positif,x
17,informasidak,Kolaborasi kampus dan industri makin kuat berkat digistar connect dari telkom indonesia #berita #telkomindonesia #digistarconnect #digistar #telkomforyou @TelkomIndonesia @KemenBUMN https://t.co/wjVuYg0vzB,Positif,x
18,darksupports,Digistar connect jadi langkah nyata telkom indonesia bangun ekosistem digital nasional #berita #telkomindonesia #digistarconnect #digistar #telkomforyou @TelkomIndonesia @KemenBUMN https://t.co/SRaPRUZYtA,Positif,x
19,tabrakberita,Telkom indonesia hadirkan solusi agar lulusan kampus langsung siap terjun ke industri digital #berita #telkomindonesia #digistarconnect #digistar #telkomforyou @TelkomIndonesia @KemenBUMN https://t.co/kDxSxazaCx,Positif,x
20,ceritangerang,Ribuan talenta digital disiapkan telkom indonesia untuk hadapi industri masa depan lewat digistar connect #berita #telkomindonesia #digistarconnect #digistar #telkomforyou @TelkomIndonesia @KemenBUMN https://t.co/iiJqOMcu4O,Positif,x
21,updateindisini,"Telkom Indonesia hadirkan digistar connect, jembatani talenta digital dari kampus ke dunia industri #berita #telkomindonesia #digistarconnect #digistar #telkomforyou  @TelkomIndonesia @KemenBUMN https://t.co/tsPeDOUc4h",Positif,x
22,suaramayaa,Ribuan talenta digital dapat pembekalan industri melalui program Digistar Connect dari Telkom Indonesia  Sumber: https://t.co/9NR1H8jvd3  Ramos Amerika #heatwave #CDTV #telkomindonesia #digistarconnect #digistar #telkomforyou https://t.co/6YL9clHcif,Positif,x
23,JendelaIndo0,Telkom Indonesia ajak anak muda eksplorasi dunia digital lewat Digistar Connect. #berita #telkomindonesia #digistarconnect #digistar #telkomforyou @KemenBUMN  @TelkomIndonesia https://t.co/j8Fl4B52xS,Positif,x
24,PantauFakta,"Melalui Digistar Connect, Telkom Indonesia siapkan SDM unggul di bidang teknologi. #berita #telkomindonesia #digistarconnect #digistar #telkomforyou @KemenBUMN  @TelkomIndonesia https://t.co/2LXGSe3ivO",Positif,x
25,laura5726859513,Telkom Indonesia gelar Digistar Connect sebagai program pembinaan digital berkelanjutan. #berita #telkomindonesia #digistarconnect #digistar #telkomforyou @KemenBUMN  @TelkomIndonesia https://t.co/4JmDsSVv6Y,Positif,x
26,LensaIndonesia2,Digistar Connect jadi wadah Telkom Indonesia menjaring generasi digital Indonesia. #berita #telkomindonesia #digistarconnect #digistar #telkomforyou @KemenBUMN  @TelkomIndonesia https://t.co/g6SKhQ2W8X,Positif,x
27,macchiasha,"timeline instagram 2 hari yg lalu isinya digistar, kemaren oskm, sekarang paragon internship program",Netral,x
28,ITerbaru36314,Telkom Indonesia berikan dukungan untuk ribuan talenta digital melalui Digistar Connect  #berita #telkomindonesia #digistarconnect #digistar #telkomforyou @KemenBUMN @TelkomIndonesia https://t.co/OVNGJFK0Gj,Positif,x
29,beritabaruu4,"Langkah Telkom Indonesia dalam menyiapkan talenta unggul, melalui Digistar Connect  #berita #telkomindonesia #digistarconnect #digistar #telkomforyou @KemenBUMN @TelkomIndonesia https://t.co/XAyYO3iBCU",Positif,x
30,cakrawalanewss,Digistar Connect jadi bukti komitmen Telkom Indonesia dalam mencetak SDM digital unggulan  Sumber: https://t.co/e8ETMkD0WU  Amerika Malam #heatwave #bbtvi #Vecinos22J #telkomindonesia #digistarconnect #digistar #telkomforyou https://t.co/FzlvBWwW8u,Positif,x
31,terkiniberitau,"Melalui Digistar Connect, Telkom Indonesia bantu ribuan mahasiswa siap bersaing di dunia kerja digital  Sumber: https://t.co/iTPQUiJ0Sp  Suka Lusi Adek #KAIxPrada #LoveIslandUSA #Memur #telkomindonesia #digistarconnect #digistar #telkomforyou https://t.co/yPSGiqnBlk",Positif,x
32,InfoMayau,"@mbaklepon @worksfess Nama komunitasnya Digistar Club by Telkom Indonesia kak, mostly bahas digital skill salah satunya hari ini lagi kalan Bootcamp B2B gitu. 

Aku kebetulan Chapter Leadnya di UNDIP",Netral,x
33,sukainformasi,"Lebih dari 4.800 mahasiswa &amp; fresh graduate telah bergabung melalui Digistar Connect, bukti nyata kontribusi Telkom Indonesia dalam mencetak SDM unggul  #berita #telkomindonesia #digistarconnect #digistar #telkomforyou @KemenBUMN @TelkomIndonesia https://t.co/BgAZZjWzpX",Positif,x
34,fokusinformasi,"Program Digistar Connect dari Telkom Indonesia kini menjangkau Makassar, Labuan Bajo, hingga Papuaâ€”hadirkan peluang langsung ke industri  #berita #telkomindonesia #digistarconnect #digistar #telkomforyou @KemenBUMN @TelkomIndonesia https://t.co/7qti4y86SW",Positif,x
35,fokusberitaid,"Lewat Digistar Connect, Telkom Indonesia sukses gelar 30 sesi di berbagai universitas ternamaâ€”teknikal dan softâ€‘skill diasah habis!  #berita #telkomindonesia #digistarconnect #digistar #telkomforyou @KemenBUMN @TelkomIndonesia https://t.co/LDgo5cqDqh",Positif,x
36,beritautamaid,"Telkom Indonesia hadirkan Digistar Connect di kampus-kampus Indonesia untuk jembatani dunia kampus ke industri digital, membina ribuan talenta siap kerja  #berita #telkomindonesia #digistarconnect #digistar #telkomforyou @KemenBUMN @TelkomIndonesia https://t.co/MLCKL4pHNI",Positif,x
37,newsupdateinf,"Telkom melalui Digistar Connect telah menjembatani gap antara pendidikan tinggi &amp; industri digital. Lebih dari 4.800 mahasiswa, alumni &amp; pencari kerja muda telah mengikuti 30 sesi  #berita #telkomindonesia #digistarconnect #digistar #telkomforyou  @kemenBUMN @telkomindonesia https://t.co/IxXy8aC3x8",Positif,x
38,beritanasi0nal,Penguatan Hard &amp; Soft Skills Lewat Digistar Telkom Indonesia Tingkatkan Kompetensi Digital dan Profesionalisme  #berita #telkomindonesia #digistarconnect #digistar #telkomforyou  @kemenBUMN @telkomindonesia https://t.co/1Wl615y5oh,Positif,x
39,beritanasi0nal,Telkom Indonesia Dukung Ribuan Talenta Digital Siap Kerja Melalui Digistar Connect  #berita #telkomindonesia #digistarconnect #digistar #telkomforyou  @kemenBUMN @telkomindonesia https://t.co/JgxNKDDP6J,Positif,x
40,infonihguys,Telkom Indonesia terus memperkuat komitmennya dalam pengembangan talenta digital muda Indonesia melalui program Digistar Connect.  #berita #telkomindonesia #digistarconnect #digistar #telkomforyou  @kemenBUMN @telkomindonesia Amerika WW 3 tasyi https://t.co/p46dRk8oc3,Positif,x
41,TirtoID,Telkom Dukung Ribuan Talenta Digital Melalui Digistar Connect  https://t.co/AYd7FQuyGy,Positif,x
42,caklubis,Telkom Perkuat Jembatan Kampus dan Industri Digital Lewat Program Digistar Connect https://t.co/EN3JsSxENt #telkom #digital #digistar #indonesia,Positif,x
43,Interna87033216,Telkom Dukung Ribuan Talenta Digital Siap Kerja Melalui Digistar Connect https://t.co/mJ3N8O9tZF,Positif,x
44,netralnews,"Telkom Gelar Program Digistar Connect, Dukung Ribuan Talenta Digital Siap Kerja https://t.co/PIlLCdWlUo",Positif,x
45,indoict,Dari Kampus ke Industri: Telkom Dukung Ribuan Talenta Digital Siap Kerja Melalui Digistar Connect https://t.co/DdN05VZWrA  @indoict,Positif,x
46,TirtoID,Telkom Dukung Ribuan Mahasiswa Siap Kerja Lewat Digistar Connect  https://t.co/Mg1FlCqAgv,Positif,x
47,tavorynrash,"@janeyrle @undipmfs kak ini tuh dr telkom, si sendernya yg pegang digistar club undip. Kepoin ignya ajaa, aku sampe apal templatenya beginiğŸ˜­",Positif,x
48,kumparan,Telkom Dukung Ribuan Talenta Digital Siap Kerja Lewat Program Digistar Connect https://t.co/ZvjUu3MU0s,Positif,x
49,berita_resmi,Telkom Indonesia gelar Digistar Class sebagai bentuk komitmen pendidikan digital. #berita #telkom #digistar #telkomforyou @KemenBUMN  @TelkomIndonesia https://t.co/EpXYwEvNs7,Positif,x
50,berita_resmi,Digistar Class dari Telkom Indonesia bantu peserta kuasai skill digital kekinian. #berita #telkom #digistar #telkomforyou @KemenBUMN  @TelkomIndonesia https://t.co/bmzn6TnQ8v,Positif,x
51,txtdito,A great things start from digistar clubğŸ¤©ğŸ¥¶âœ¨âœ¨âœ¨âœ¨âœ¨âœ¨âœ¨âœ¨ https://t.co/VKKeKV39KQ,Positif,x
52,branbrebro,"@dindahahaaaa @chaddeeeee bukann, eh btw maksud gua pengurus digistar club itu mereka ngurusin proses rekrutmen anakâ€ magang ya bukan anak magang yg ngurus clubnya, mereka yang ngadain digistar class itu, tau kalo unpaid tuh karena mereka oprec khusus alumni program telkom doang, kalo magang mah paid",Positif,x
53,AkuGuide,@tanyarlfes Telkom sangat worthit karena Deket dengan telkomgroup jadi utk magang dan kerja peluangnya sangat bagus,Positif,x
54,allaboutnewsID,Mahasiswa atau fresh graduate? Jangan lewatkan kesempatan magang di Telkom lewat Digistar Class Intern Batch 3! #berita #telkom #digistar #telkomforyou @TelkomIndonesia @KemenBUMN https://t.co/0jyGBF1LyL,Netral,x
55,seputarnewsid,Telkom Indonesia kembali hadir dengan Digistar Class Intern 2025 Batch 3! Siap mengasah skill digitalmu? #berita #telkom #digistar #telkomforyou @TelkomIndonesia @KemenBUMN https://t.co/GhwCM5bf0H,Positif,x
56,everynewsid,Bergabunglah dengan talenta muda terbaik Indonesia di Digistar Class Intern Telkom 2025 Batch 3. Daftar sekarang! #berita #telkom #digistar #telkomforyou @TelkomIndonesia @KemenBUMN https://t.co/a1Vg9LCKGj,Positif,x
57,cileduginfoin,Kamu punya passion di dunia digital? Ini saatnya! Digistar Class Intern Batch 3 dari Telkom Indonesia resmi dibuka! #berita #telkom #digistar #telkomforyou @TelkomIndonesia @KemenBUMN https://t.co/EgiVyDWT5i,Positif,x
58,beritahariann3,Telkom Indonesia melalui Digistar Class meningkatkan kualitas perguruan tinggi  #berita #telkom #digistar #telkomforyou  @KemenBUMN @TelkomIndonesia https://t.co/5Gum5b9AXm,Positif,x
59,beritahariann3,Telkom Indonesia buka Digistar Class intern batch 3 bagi mahasiswa  #berita #telkom #digistar #telkomforyou  @KemenBUMN @TelkomIndonesia https://t.co/gnYcbBambS,Netral,x
60,brinaya733,Komitmen Telkom Indonesia dalam meningkatkan kemampuan mahasiswa melalui Digistar Class  #berita #telkom #digistar #telkomforyou  @KemenBUMN @TelkomIndonesia https://t.co/gtUPd5YyBi,Positif,x
61,pawanginformasi,"Telkom Indonesia kembali hadirkan Digistar class intern 2025 sebagai ekosistem talenta digital â€” kombinasi hard skills (AIâ€“Cyber Securityâ€“Cloudâ€“B2B) dan soft skills, plus proyek langsung di TelkomGroup!  #berita #telkom #digistar #telkomforyou @KemenBUMN @TelkomIndonesia https://t.co/55b4SLZbeT",Netral,x
62,infolokalid,Digistar Class Intern 2025 Batch 3 merupakan persiapan Hard Skill dan Soft Skill di era digital bagi mahasiswa  @TelkomIndonesia @KemenBUMN #berita #telkom #digistar #telkomforyou https://t.co/iryFKA3jl0,Netral,x
63,sukainformasi,Dapatkan kesempatan langka dari Telkom Indonesia melalui Digistar class intern Batch 3: mentoring intensif + real work experience mulai 16 Juni â€” daftar sekarang via platform BUMN!  #berita #telkom #digistar #telkomforyou @KemenBUMN @TelkomIndonesia https://t.co/xL7rMBNBBv,Positif,x
64,fokusinformasi,"Gabung di Digistar class dan rasakan langsung pengalaman magang di lingkungan profesional Telkom Indonesia â€” dari AI, cloud, hingga cybersecurity, semua dalam satu program komprehensif!  #berita #telkom #digistar #telkomforyou @KemenBUMN @TelkomIndonesia https://t.co/Xfw0j99Iw2",Positif,x
65,fokusberitaid,"Siapkan CV kamu sekarang! Telkom Indonesia resmi membuka program Digistar class intern 2025, lengkap dengan mentoring berkelas dan proyek nyata di unit TelkomGroup â€” pendaftaran dibuka sejak 16 Juni  #berita #telkom #digistar #telkomforyou @KemenBUMN @TelkomIndonesia https://t.co/BKdy6otHUS",Netral,x
66,lalinsosmed,Mahasiswa semesterâ€¯6? Ini waktunya! @TelkomIndonesia gelar Digistar class Intern: mentoring intensif + project nyata. Ayo daftar! @KemenBUMN #berita #telkom #telkomforyou #digistar https://t.co/XM99atoFM4,Positif,x
67,maniakupdate_,"Digistar class Intern @TelkomIndonesia bukan sekadar magangâ€”ini camp digital skill mulai dari AI, cloud, hingga cyber security! @KemenBUMN #berita #telkom #telkomforyou #digistar https://t.co/3jpIvZS3hT",Positif,x
68,si_happening,Daftar Digistar class Intern @TelkomIndonesia mulai 16 Juni 2025! Latih softâ€‘&amp; hardâ€‘skill lewat mentoring Ã— real work experience. Siap jadi talenta digital? @KemenBUMN #berita #telkom #telkomforyou #digistar https://t.co/BinPyGrnFo,Positif,x
69,Magzviral,"Program Digistar class Intern @TelkomIndonesia buka batchâ€¯3! Dapat modul AI, B2B, cloud + peluang jadi youth ambassador. Ga yakin? Yuk daftar! @KemenBUMN #berita #telkom #telkomforyou #digistar https://t.co/kfFpt8pz0V",Positif,x
70,fikrirmt,@NurayzatJoe teringat pulak internship kat digistar ha ha ha,Netral,x
71,Interna87033216,Telkom Kembali Buka Program Digistar Class Intern 2025 Batch 3 untuk Mahasiswa https://t.co/cVO09NaEik,Netral,x
72,KabarNetral,Pendaftaran Digistar Class Intern Batch 3 Telkom Indonesia dibuka via portal BUMN sejak 16 Juni 2025  Sumber: https://t.co/OmN6ZqBWTu  Angel Pol #UnboxingTiara #GarnierUVCoolingxBUS #endpolicebrutalityke #telkom #digistar #telkomforyou https://t.co/29fe4OmnSJ,Negatif,x
73,cakrawalanewss,Digistar Class Intern Telkom Indonesia integrasikan peserta ke proyek nyata berbagai unit kerja TelkomGroup  Sumber: https://t.co/Ofr9xpQQKK  Angel Pol #UnboxingTiara #LoveIsland #openloop #telkom #digistar #telkomforyou https://t.co/J7qNtPqj3K,Negatif,x
74,infoupdateber,Program Digistar Class Intern oleh Telkom Indonesia gratis tanpa biaya pendaftaran bagi peserta terpilih  Sumber: https://t.co/3cVLQXh7dB  #Loker #KimPau #LoveIsland #telkom #digistar #telkomforyou https://t.co/kjGlwWgqu3,Positif,x
75,beritanasi0nal,Telkom Indonesia Resmi Membuka Digistar Class Intern Batch 3 Bagi Mahasiswa. Program ini dibuka mulai 16 Juni 2025 untuk mahasiswa aktif minimal semester 6  #berita #telkom #digistar #telkomforyou  @kemenBUMN @telkomindonesia https://t.co/RIDfvmOcjP,Netral,x
76,beritanasi0nal,Digistar Class Intern 2025 Batch Komitmen Telkom Tingkatkan Kemampuan Mahasiswa  #berita #telkom #digistar #telkomforyou  @kemenBUMN @telkomindonesia https://t.co/CDSOJ7Pxsk,Positif,x
77,beritanasi0nal,Banyak Keunggulan Digistar Class Intern Batch 3 dari Telkom Indonesia Tingkatkan Kualitas Perguruan Tinggi  #berita #telkom #digistar #telkomforyou  @kemenBUMN @telkomindonesia https://t.co/GO1LsVliN3,Positif,x
78,infonihguys,Digistar Class Intern 2025 Batch Komitmen Telkom Tingkatkan Kemampuan Mahasiswa  #berita #telkom #digistar #telkomforyou  @kemenBUMN @telkomindonesia https://t.co/pKoKwQeHCr,Positif,x
79,infonihguys,Telkom Indonesia kembali buka program Digistar class Intern 2025 untuk mahasiswa   #berita #telkom #digistar #telkomforyou  @kemenBUMN @telkomindonesia  Al https://t.co/UQxa6oDgyA,Netral,x
80,akuiniikan_,"@yappingfess bismillah, keterima magang di telkom",Positif,x
81,indoict,Telkom Kembali Buka Program Digistar Class Intern 2025 Batch 3 untuk Mahasiswa https://t.co/s3RaLR7jKB via @indoict,Netral,x
82,crescentnitee,"guys tolong isi dong, biar ada gambaran ğŸ˜”ğŸ™

bolee komen juga ya rolenyaa

digistar class internship telkom",Netral,x
83,phyylisssn,yg daftar digistar internship Telkom udah ada yg dpt email blm sihh? gue bolak balik cek web magenta sama digistar statusnya blm berubah. plss udh ketolak 2 tempat magang ini Allahu ğŸ˜­,Positif,x
84,anggurrrr9088,info yang daftar general role jakarta digistar internship telkom ada yang udah dapet email belum,Netral,x
85,Lilyanna2112,yang daftar Digistar Internship by Telkom role Data Science daerah jakpus udah ada yg dapet pengumuman belum?,Netral,x
86,velvelatte,"Digistar Internship by Telkom role Business Analyst udah ada yg dapet info lanjutan?

Digistar Intern Telkom",Netral,x
87,velvelatte,"Digistar Internship by Telkom kapan pengumuman ini hadaaahhhh

Digistar Intern Telkom",Negatif,x
88,lonely_b0yy,semoga besok pacar ku dapat kabar baik dari digistar internship telkom ya gusy,Positif,x
89,sournalla,"@UPIfess depends kamu mau yg paid/unpaid? kalo unpaid di ig kayak maganginfo, internship.time, karirspot, tempatmagang dll banyak. sedangkan paid agak susah biasanya bbrp company bakal buka program intern kyk digistar, ulip, nestle jg lagi buka",Netral,x
90,hitamputih_abu,"guys ada yg ikut digistar internship telkom 2025? mau nanya, kira kira ada yg tau ga di online test nanti materi nya apa aja? kalo dari email, tulisannya gini https://t.co/2Ne7oxJY9n",Positif,x
91,rabukanramayana,no offense but keterima magang di digistar class internship telkom 2025 ini is actually... aaaaaa aamiin,Positif,x
92,ambismanifesto,gapernah on akun ini tapi BENERAN MANJUR GUYSSSS ğŸ˜­ğŸ˜­ğŸ˜­ğŸ˜­ğŸ˜­ğŸ˜­ğŸ‘ğŸ‘„ğŸ‘ https://t.co/2PhegJ3Vvj,Positif,x
93,tavorynrash,"@janeyrle @undipmfs kak ini tuh dr telkom, si sendernya yg pegang digistar club undip. Kepoin ignya ajaa, aku sampe apal templatenya beginiğŸ˜­",Positif,x
94,chi.cong.fan,Belum ada tuh bentar ya w cek spam dulu,Negatif,instagram
95,callmepix_,"Halo kakmin, apa final day besok tinggal pengumuman tidak lolos?",Netral,instagram
96,rarahayu25_,hai guyss mo nanya ada yg blm dapet email sampe hari ini?,Netral,instagram
97,pumpziii,"Udah di umumin ga lolos to views video resume yg di upload ke yt ga nambah views nya hadehh kl gabisa buka smua video resume applicants ngapain mnta, jd ngerasa gaada tranparansi nya deh ini rekretumen pdhl br rekrutmen intern",Negatif,instagram
98,brontotoroto,ini email rejection doang kah yg blm dapet? :),Negatif,instagram
99,lavenderg4ze,administrative assistant adakah yg udh dapet email gak lolos??ğŸ˜¢,Netral,instagram
100,rizqimaulidin77,Kok sy gak lolos,Negatif,instagram
101,seekorpatapon,Apa ada yg dapat email lolos bagian data processing & visualization?,Netral,instagram
102,ladygeorgeousooo,Adakah yg udah dapet email bagian administrative assistant?,Netral,instagram
103,itsningning__,yang data science apa udah pada dapet?,Netral,instagram
104,bluwbrrymoon,ada yg udh dapet email di role engineering gak ya?,Netral,instagram
105,sn.art28,Kak magang lg ini open kapan ya?,Netral,instagram
106,ginajry,sampe skrg ada yg blm dapet email ga lolos/lolos ga ya?:(,Negatif,instagram
107,gerrykitten_,"Benci bgt sm cara kerja recruitmentnya! Pls lah, kita bikin vide sampe berhari2. Kl emg ga sesuai kriteria, seengganya diikasih tau ga lolos krn apa. & Next time syaratnya ga perlu buat video resume lah. Buang2 waktu. Bahkan tadi ada yg comment, video nya aja ga diliat samsek. LOLğŸ‘ğŸ‘",Negatif,instagram
108,seekorpatapon,"(update) sampai hari ini, Minggu 23 Februari 2025, video resume aku nggak dilihat, karena traffic ke video YouTube nya lewat link sama sekali tidak ada. Sedikit kecewa, namun tak apa, artinya Tuhan sudah merencanakan yang lebih baik. Semangat teman-teman lain. Tetap semangat, berusaha, dan berdoa. Dengan 3 itu, Tuhan pasti akan berikan yang terbaik. ğŸ™Œ",Negatif,instagram
109,luttfi_jh,"upload jumlah yg keterima di batch fresh graduate dong min, biar adil kayak batch mahasiswağŸ«µğŸ»",Negatif,instagram
110,tardis_grada,Alhamdulillah lolos,Positif,instagram
111,slavina_tegar,ada yg udah dpt email lolos/ga lolos community and campaign??,Netral,instagram
112,devitazizahmhrn_,Ada yang udah dpt email lolos? (Mau tauu aja),Netral,instagram
113,lalalalalostyoi,mau nanya sampai sekarang ada yang sdh dapet email lolos?,Netral,instagram
114,luttfi_jh,ada yg udh dapet email di role general gak yaa?,Netral,instagram
115,theplacememorystayed,Ada yg udah dapet offering community and campaign ga yaa?,Netral,instagram
116,ahmadfaishol_a,ada yang masih belum dapat email ga yaa? terus status di web juga masih diproses,Netral,instagram
117,lalalalalostyoi,haii all mau nanya ada kah yg sudaah dpt wa / email sampai hari ini?,Netral,instagram
118,ha.jeeee,info dong yang dapet offering di DCI-WINS0302 Data Analyst? ğŸ‘€,Netral,instagram
119,yongkigunawan08,Nice try brarti ğŸ˜¢,Negatif,instagram
120,ayumiranda_lbg,Adakah yg lolos marketing?,Netral,instagram
121,sepuluhmei2026,Wah congrats guys yg batch mahasiswa ğŸ”¥ğŸ‘,Positif,instagram
122,adhrafif,sampe detik ini ada yg masih belum dapet email? dan belum ada perubahan status di website?,Negatif,instagram
123,clouddsett,ini klo di web nya masih diproses brrti g keterima yaa min?ğŸ˜¢,Negatif,instagram
124,chandets_dra,Adakah yang lolos data analyst jaksel?,Netral,instagram
125,2nd.apisss,"gimana ini min saya blm dapet email lolos/tidak tp di web juga ga berubahÂ², baik web digistar maupun magenta",Negatif,instagram
126,_.andri,7 februari apa 6 februari kak ? di web 7 feb,Negatif,instagram
127,ajengshy_,belum dapet email ga lolos ya min?,Netral,instagram
128,devitazizahmhrn_,Ini yang termasuk fresh graduate kah?,Netral,instagram
129,whoosssyya,adakah yg dapet email ga lolos?,Netral,instagram
130,xcvlfta_,gaiss researcher bandung ada yang lolos???,Netral,instagram
131,annmoods,kak kalo yang belum dapet email dan di web statusnya masih proses bagaimana ya?,Netral,instagram
132,ajengshy_,Ada yg lolos learning value chain Bandung?,Netral,instagram
133,_atikah_12_,Ini semua 253 sdh dpt email kah??,Netral,instagram
134,iftasdaily,"min, minimal kandidat yg ga lolos juga dikasi kejelasan min jangan gantung kaya giniğŸ˜”",Negatif,instagram
135,nnpratamaaa,"Thankyou telkom, MSIB, DDB batch agustus, dan digistar. Walaupun mungkin belum bisa bergabung, aku berharap bisa bergabung dengan keluarga telkom di kesempatam lainnya ya ğŸ’—âœ‰ï¸",Positif,instagram
136,suryaavndi_,telkom terima aku batch selanjutnya di msib atau magenta plis ğŸ™ğŸ»,Positif,instagram
137,zhrns.p_,Minimal yang ngga lulus kirim email min biar ga nunggu lama sama biar bisa daftar ke program magang lain di magentaâ˜ºï¸,Negatif,instagram
138,rosariodio,"Ini yg kandidat 200an org ini udh dpt email atau gimana ya? Soalnya mau ganti juga nih di magenta, cuma belum dapat emailnya lulus/gagal",Negatif,instagram
139,itz.yuns,Gada info apa apa ya min buat yg ga lolos. Sedihnya disitu sih minğŸ˜¢,Negatif,instagram
140,bybibilly,"min kok beda ga di website tulisannya maksimal registrasi tanggal 7, yg bener yg mana? krn harus minta ttd kaprodi juga jd tolong kejelasannya",Negatif,instagram
141,husainn.exe,Timeline 3 February loh kak ğŸ˜¢,Negatif,instagram
142,daraayunii,tidak transparan!,Negatif,instagram
143,torshint00,yang bandung udh ada yang dapet email blum?,Netral,instagram
144,myluvv.asahi,ada yg lolos hc service operations jaksel?,Netral,instagram
145,iamdcdcdc,"minimal transparansi buat yang lolos dan ngga lolos min, itu hal yang prinsipil loh :)",Negatif,instagram
146,kutukan.neneksihir,mana min gaada email nya,Negatif,instagram
147,realdimasjuniors,"Kalau kaya gini langsung left/mengundurkan diri saja lah buat apply di perusahaan lain, daripada berharap sama perusahaan yang tidak menghargai effort pelamarnya padahal pas buat video resume sudah effort take sampai berkali2 belum ngedit, tes online pun sampai nyiapin perangkat, internet segala macam.. bukan masalah tidak lolosnya, tapi cara anda menghargai pelamar dengan memberikan kejelasan status diterima/ditolak itu yg tidak habis pikir.. anda ini BUMN lho sekelas telkom lagi.. @erickthohir pripun niki pak?",Negatif,instagram
148,farrellalaric,ada yang lolos role videographer?,Netral,instagram
149,shindii14,Yang balikpapan sudah ada dapat email?,Netral,instagram
150,latishaaverine,ada yang lolos system analyst & qa di telkom corpu bandung gak?,Netral,instagram
151,hananrhhh,adakah yang lolos role general jkt guys?,Netral,instagram
152,unaunayahaaunaaa,Ada yg udah dapet email bagian finance jaksel???,Netral,instagram
153,hananrhhh,"thankyou, telkom ğŸ¥¹",Negatif,instagram
154,_imsooffline_,"admin, maaf tgl 6 atau tgl 7 ya? soalnya di email tertera regis sebelum deadline 7 feb pukul 23.59. Terimakasih min ğŸ™",Netral,instagram
155,kutukan.neneksihir,"YAH KOMEN BANYAK GADIBALES, GA PROFESIONAL BGT? MASA PENGUMUMAN GA SERENTAK SI? GAJELAS AMAT NI TELKOM",Negatif,instagram
156,galaxypcy2711,ada yg daftar role engineer penempatan jakpus? udah pada dapet email blm ya?,Netral,instagram
157,devitazizahmhrn_,Ada yang tau ga ya ini pengumumannya udah termasuk yang fresh graduate kah?,Netral,instagram
158,marktebax_x,"Jelek bngt sistem announcement huuuu ğŸ‘ğŸ» gak ada kejelasan dibikin nunggu + berharap selama 2 hari.. harusnya lebih profesional dong ""SERENTAK""!",Negatif,instagram
159,qpwoewie,Ada yang lolos communication and campaign management kahh?,Netral,instagram
160,tyayulistinaaa,Yang keterima dapet email kah? Ini yang gak keterima doang gak dapet email apa gimna ko gak ada kejelasan kepastian ya?,Negatif,instagram
161,kamilafatinn,"Sedih bgt Min saya ga lolos adm juga, kurang cocok dengan pengalaman saya kah?ğŸ˜ğŸ™ğŸ»",Negatif,instagram
162,ary_wardana06,Gak lolos admğŸ˜¢,Negatif,instagram
163,anisazzrl,sedih banget saya ga lolos ğŸ¥²,Negatif,instagram
164,daryraa,Mantapp min terima kasih infonya ğŸ˜,Positif,instagram
165,gustaf_atmaja,Sayang nya tidak lolos minğŸ˜¢,Negatif,instagram
166,fyafiqsauzan,"Gak lolos Langsung tersadar, posisi yang di apply sama data yang di submit gak kesinambungan. Tak putus asa, baru sekali juga nyobain ğŸ™Œ",Positif,instagram
167,at_sftdn,Yahh ga lolos admğŸ˜‚,Negatif,instagram
168,_atikah_12_,Pengumuman buat mahasiswa serentak tgl 3 atau gmn ya min??,Netral,instagram
169,mycozylife22__,buat pengumuman yg batch mahasiswa kapan min? yg abis upload video resume?,Netral,instagram
170,eijeieneiefi,untuk di web magenta pengumumannya yang tidak lolos administrasi kapan kira2 kak?. biar bisa apply yang lain hehe,Negatif,instagram
171,me.ekkaa,seleksi magang kek udah seleksi cari kerja ya ğŸ˜”,Negatif,instagram
172,salsabilaamhhrn,Min gak dikasih tau kah kekurangan kami yang gak lolos adm? Kayak ipk kurang atau domisili gak sesuai,Negatif,instagram
173,loevron65,Yah kelewatan ğŸ˜¢,Negatif,instagram
174,ghtrd.6,anj gw nyariÂ² link dftar nih magang gk ktemuÂ²,Negatif,instagram
175,0.0_1114,min kolom semester diisi apa ya kalo fresh grad?,Netral,instagram
176,vvionast_,Proses pengajuan jurusan berapa lama ya min?,Netral,instagram
177,mhmmdafa._,fresh graduate harus tetep masukin nama universitas min? soalnya kampusku gaada disitu,Netral,instagram
178,fakhrezadwitamaa,Blom ada emailnyağŸ˜¢ cuman udah di WA,Negatif,instagram
179,luthfi.satriaaa,Ini yang untuk fg nama lengkap pic magang perguruan tinggi trus jabatan pic magang perguruan tinggi maksudnya apa ya ?,Netral,instagram
180,ridosptwnn,"emailnya udah dikirim apa belum min?
trus dikirim ke semua nya ga min?",Netral,instagram
181,eijeieneiefi,"min, pakta integritas untuk nanti ya uploadnya? soalnya tadi pas registrasi ulang belum ada tempat buat upload pakta integritasnya",Netral,instagram
182,whtuwant01,min kalau gabisa download pakta integritas gimana ya?,Netral,instagram
183,ary_wardana06,5000 lebih ğŸ˜¢ itu peluang lolos dikit jadinya,Negatif,instagram
184,ary_wardana06,"Maaf min, saya belum dapat email dari pagi tadiğŸ˜…",Negatif,instagram
185,haz.rkive,"Mohon di bantu min. Saya gak bisa login akun, katanya ""kata sandi salah"", tapi saya udah isi sama kaya yang di akun magenta. Mohon dibantu itu kenapa ya Min? ğŸ™ğŸ»",Netral,instagram
186,cheweezz,Belom dapet emailnya min baru dapet wa,Netral,instagram
187,jyndaul,Ini emang gak ada semua univ nya ya min? Aku cek UI juga gak ada masa,Negatif,instagram
188,dinduyyy06,@livingintelkom Hai kak mau tanya untuk kolom semester di data pendidikan untuk fresh graduate diisinya bagaimana ya kak? Terima kasih,Netral,instagram
189,ghinaamfiidh,"min saya udh dpt email buat re-enrollment tpi jurusan saya gaada disitu dan udh cba buat pengajuan, kiraâ€ brp lama ya pengajuan nya?",Netral,instagram
190,cthyzzh_,Min pengiriman email nya sampe jam berapa? Biar gak berharap terlalu lama nih,Negatif,instagram
191,fresh.hotdog,"Halo admin, bagaimana pengisian PIC magang untuk fresh graduate?",Netral,instagram
192,_ris_ris28,"Min, yg PIC magang itu di isi ngga ya?",Netral,instagram
193,eliarani27,Min yang fresh graduate yang bagian nama lengkap atau jabatan pic magang itu Disi gak ya min ? Aku bingung kalau mau ngisi takut salah minğŸ™,Netral,instagram
194,rzkyansf,"Min, kalo progress bab di data tugas akhir itu apa ya? Sedang mengerjakan bab berapa gitu ? Apa gimana?",Netral,instagram
195,faisalloct,Pas ngirim pengajuan perguruan tinggi ko ga bisa ngirim ya keterangannya (belum menambahkan fakultas & jurusan yang ingin diajukan) padahal sudah saya isi. Mohon arahannya min,Netral,instagram
196,itsmeeiiii,"Min, untuk fresh graduate saat isi form CV, kolom semester diisi dengan apa yaa? Karena kan sudah lulus @livingintelkom",Netral,instagram
197,dorkbookrats,websitenya down min,Negatif,instagram
198,azriansyah_2301,"Permisi kak, untuk email panduan reenroll apakah sudah dapet semua, soalnya saya belom dapet baru WA saja",Netral,instagram
199,sarahldytbnn,"Min, tolong liat dm dongğŸ˜­",Netral,instagram
200,cutesinceday1,yg udah dapet email berarti lolos kah min?,Netral,instagram
201,tardis_grada,Kolom semester diisi apa ya min untum fresh graduate?,Netral,instagram
202,diplagi_,Min ini ada info terkait Jobdesk tiap divisinya ga ya?,Netral,instagram
203,xcvlfta_,"Halo kak, mau nanyaam Kalau ditengah program intern berlangsung apakah diperbolehkan yudisium dan graduate?",Netral,instagram
204,an_alfian09,Jurusanku udah di approve saat pengajuan tapi masih belum muncul minğŸ˜‚,Negatif,instagram
205,tiw.ivn,"Pas aku mo submit tulisannya jaringan ga ada, padaahal jarinvanku ga kenapa napa",Negatif,instagram
206,viaaaavs,Websitenya down ka,Negatif,instagram
207,thoif_khasan,"Untuk website internship.telkom.co.id , masih trouble ya min",Negatif,instagram
208,oilymif,min ini klau yg freshgraduate buat ini pic magang yg buat pengajuan univ dan jurusan it gmn min ya?,Netral,instagram
209,aulia_aprilianti02,Ka aku mau tanya kalo kita cuman dpt info dri wa apakah bisa langsung re-enrollment apa harus nunggu dapet email-nya dlu ya ka,Netral,instagram
210,zturdddy,"Min ini nge-bug kah? Datanya blm ada semua, bahkan ku coba ketik 'universitas' biar keluar semua data universitas. Apa emang perlu pengajuan univ & jurusan terlebih dahulu?",Negatif,instagram
211,im_haqi_s,"Belom dapat email min, cuma udh di WA",Negatif,instagram
212,rizkyjuan48,"Permisi min, untuk donlot pakta integritas untuk apa ya?",Netral,instagram
213,sepuluhmei2026,"Buat yg masih resah soal belum dapat email, coba dm aja Kakmin @digistarintern atau @livingintelkom pakai nama lengkap, email, dan universitas ya kakakÂ².",Positif,instagram
214,ary_wardana06,"Selamat malam min, mau nanya, pakta intergritas itu nanti di tulis tangan apa gimana min? Soalnya juga format zip",Netral,instagram
215,nabilapanda_,"min, ini re-enrollment pas aku masukin akun ko emailku blm ter-registrasi ya pdhl aku pake email yg sm ky diakun magenta",Negatif,instagram
216,ambivert.acc,buat trial nya cuma 3 substest aja kan ya?,Netral,instagram
217,kaariinsrg,Min SEB itu apa ya min? Mohon penjelasan nyağŸ˜ğŸ™ğŸ»,Negatif,instagram
218,indhhsy_,"Hallo min, device yang dipakai hari ini untuk Trial Test, itu harus sama dengan Online Test senin nanti kah min?ğŸ˜­",Netral,instagram
219,nanaatunnisa,download seb gimna minn,Negatif,instagram
220,selo.tip.exx,min kok di website intern digistar nya di akun ku masih proses seleksi administrasi ya min?,Negatif,instagram
221,matchwalate,ini apk seb nya berapa mb sihğŸ˜­ dari jam 8 download ga selesai selesai,Negatif,instagram
222,pamelaria_20,plis aku kurang paham sama seb ğŸ˜Ÿ,Negatif,instagram
223,faraadiani,Guys please helppp aku udh install sebnya dan gabiss confignya ini how guysğŸ˜­,Negatif,instagram
224,whoslanyway,"min ini install seb kok lama banget ya padahal internet lancar, udah speed test juga",Negatif,instagram
225,1snaini._,trial test nyaaa ini oncam kahh min?,Netral,instagram
226,agustinussitanggang03,min kerjai trial online test nya bisa ga jam 8 malam?,Netral,instagram
227,forgetmenout,"kak Min izin tanya, untuk pakta integritas disubmit kapan ya? terima kasih",Netral,instagram
228,juliadalimunthe____,Min ini link url konfigurasi SEB nya bakalan dikirim besok atau gimana? (Bertanya dengan nada lemah lembut),Negatif,instagram
229,echaapee,mau tanya trial online test juga wajib diikuti ya?,Netral,instagram
230,rahmaauliannn,Pls gimana cara confignya? Downloadnya udah bisa tapi confignya ga bisa-bisa ğŸ˜¢ Udah cek di Tiktok jg cmn ngajarin cara install aja,Negatif,instagram
231,srhni17_,"Bismillah semoga dapet kesempatan magang, belajar, bertumbuh, dan punya relasi baru di Digistar.. Aamiin ğŸ”¥",Positif,instagram
232,unclesam8384,Ini buat fresh graduate bisa ikut?,Netral,instagram
233,ayzzzh_,wfo ya ini kak?,Netral,instagram
234,kodzyme,kok lowongannya udah gaada di web magentanya? belum waktunya end pdhl,Negatif,instagram
235,_rahmatabdillah,"Min, Tolong solusi buat yang webnya stuck/eror minğŸ™ğŸ», udah bingung bgt kenapanya",Negatif,instagram
236,auau.aull,Berarti gada wawancara ya kak?,Netral,instagram
237,rabiyes_nyaibaskom,Fresh graduate belum buka kah min??,Positif,instagram
238,yuliwidiaaa_,selamatt berjuangg kawan kawanâ¤ï¸,Positif,instagram
239,rivaldiptrra,wish me luck! â¤ï¸ğŸ™Œ,Positif,instagram
240,margaretta.jpg,banyakk yaa,Netral,instagram
241,nankiinn,min ini daftar ulang nya gimana ya ? tata cara nya dong min,Netral,instagram
242,hhhides,Ini daftar ulangnya untuk siapa aja ya min? Semua peserta atau yang udah di proses? Baru daftar kemarin soalnya ^^,Netral,instagram
243,lillautami,Wishing u the best of luck guysâ™¡,Positif,instagram
244,baihaqihafid_,Min untuk daftar ulang trus bagian pengisian sks saat magang itu disi berapa ya?,Netral,instagram
245,theariesign,"min mau tanya untuk yang bagian sertifikasi itu kan aku sertifikat nya belum keluar ya dari lembaga nya, jadi wajib di isi atau ga ya?",Netral,instagram
246,athallaakbar_,wish me luckğŸ¥¹â¤ï¸ğŸ™Œ,Positif,instagram
247,hapiipahhh,"Min aku udah dapet email, tapi kenapa link nya kadaluarsa ya, terus di sana batasnya sampai 12 Januari 2025..gimana ya min",Negatif,instagram
248,queenquicks,Ini nunggu email apa daftar ulang sendiri ya?,Netral,instagram
249,m_aksyal_faiz,halo min @digistarintern mau tanya untuk daftar ulang ini menunggu email atau gimana ya? kalau yang sudah punya akun intern nya bekas digistar batch lalu apakah harus buat akun lagi atau gausah?,Netral,instagram
250,firdasabella,"Min, waktu buat akun digistar universitas nya kok ga muncul,tetapi waktu mau didaftarkan universitas nya sudah terdaftar itu bagaimana ya",Negatif,instagram
251,askme3353,nangis banyak bgtğŸ˜¢ ya Allah bs ga ya,Negatif,instagram
252,sani_sulistyowati,Ini nunggu email apa langsung daftar ulang mandiri di web telkom,Netral,instagram
253,hhhides,Gaes kenapa yaaa tautan yang dikirim ke email ga bisa di akses m,Negatif,instagram
254,__septiani09,"kak maksud dari jumlah sks apa ya? aku skrg smt 6, dan smt 7 di bulan september, sedangkan mapel pkl ada di smt 7",Netral,instagram
255,inisirainn,Ada yang pas klik daftar lewat pesan email malah link nya expired ngga?,Negatif,instagram
256,nazwaaass,"min, nomor ktp ku pernah terpakai waktu regist msib kemarin, dan email yang dipake beda sama email yg dipakai skrg di magenta, solusinya apa ya? udh email tapi belum dibalas :(",Negatif,instagram
257,nabilla_sukmalarassati,Huaa error terus pas masukin data undangan di web digistarnya,Negatif,instagram
258,aexhc.guns,"halo min, aku gatau nih proses kalau sudah berhasil daftar ulang itu bagaimana, Tapi link enroll via emailnya sudah tidak tersedia (Kadaluarsa) itu gimana yaa?",Negatif,instagram
259,chrunchycheese_,"Min, saya ko mau verif email linknya expired ya, mau daftar program lewat yang gmail itu bisa login namun, tidak muncul undangan dari MAGENTA ya min, solusinya bagaimana?",Negatif,instagram
260,aisaaahyow,Min tolong jelasin soal jumlah sks yg diambil dung,Netral,instagram
261,nisrina.s,min belum dapet email nih ğŸ˜¢,Negatif,instagram
262,r_omannn,min error pas download pakta integritas nya,Negatif,instagram
263,gungbagusk_,"link yang baru dikirimkan untuk re-enrollment, expired itu bagaimana ya kak?",Negatif,instagram
264,minmarwoo,pendaftaran programnya dimana ya? kok saya cari gaada ya,Negatif,instagram
265,auroradhena,Baru dapat WhatsApp tapi belom dapet email ğŸ˜¢,Negatif,instagram
266,agustinussitanggang03,min kalo udh daftar deluan di website nya dan salah masuk kn email gimna min?? @digistarintern ğŸ™. soalnya pas mau masuk harus minta vefikasi dari email yang salah saya buat minğŸ™,Negatif,instagram
267,srhni17_,"Hallo kak, saya semester 8 dikarenakan sedang menujusidang akhir skripsi jadinya tidak ada sks yang harus di konversi kan, jumlah sks saya harus isinya apa ya kak? Mohon jawaban nya karena saya masih bingung ğŸ™ğŸ» @digistarintern @digistarclub @livingintelkom",Netral,instagram
268,srhyyu_rett,Yg buat fg ga ada min??,Netral,instagram
269,abcdairoby,Kok gak ada yah min,Negatif,instagram
270,_ghozifaidhik,"Kak mau nanya, kita bisa akses alamat lengkap setiap cabangnya dimana ya? Mau tau letak kantornya biar gampang nyari tempat singgah klo keterima (aamiin) ğŸ¥¹",Positif,instagram
271,seliansharia,"Kak mau nanya, kalo udh terlanjut daftar dan pakta integritasnya pake yg otomatis di sistem apakah bisa kak? Saya lupa mengubah nyağŸ˜¢ğŸ˜¢",Negatif,instagram
272,arumdesti,Today is the last day teman-teman. Donâ€™t miss the chance to be part of something impactful! â¤ï¸â€ğŸ”¥ğŸ¤ŸğŸ»,Positif,instagram
273,lillautami,"Ke pasar beli kue cucur, meluncurrrrrrr",Positif,instagram
274,mozacheeseeee,"Min, gimana kalo nomor telepon yg ada di magenta udah gak aktif, tapi gabisa diubah di sistemnya? apakah infonya akan ada di email pendaftar yg lolos seleksi juga? semoga bisa dipertimbangkanğŸ™",Netral,instagram
275,regersz,"kak kalo misal pas magang masih ada jadwal kuliah, itu bisa izin buat ikut kelas dulu kah?",Netral,instagram
276,creqmyyate,"abis daftar apa lagi yg harus dilakuin, kak?",Netral,instagram
277,pebriiiway,Min ini bisa daftar berapa lowongan ya? Soalnya aku daftar 1 lowongan mau dartar yg lain gabisaa,Negatif,instagram
278,srhni17_,Bismillah keterima & di lirik data diri aku di magenta BUMN sama minmin @digistarintern ğŸ¥¹ğŸ«°ğŸ»ğŸ¥°Aamiin,Positif,instagram
279,cipcapcipcup12,Saya cek portal magenta tidak ada itu min info magangnya,Negatif,instagram
280,mozacheeseeee,"Min, boleh daftar lebih dari 1 job ga ya?",Netral,instagram
281,romisbtr,Min kok dicek diwebmagenta gaada,Negatif,instagram
282,dhearisky_,"Min, ini konversi sks atau tidak??",Netral,instagram
283,sierra.glacier,"kak wisuda di kampus ku belum fix tglnya bisa di akhir juli atau agustus, nah semisal pas onboardnya saya sudah jdi alumni gmn ya? mengundurkan diri atau gmn? takut nyesel ga dftr klo wisudaku di agustus",Negatif,instagram
284,trldjmy,fresh graduate bisa daftar ga min?,Netral,instagram
285,galeriess.del,min kok lowongannya udah ga ada ya ;(,Negatif,instagram
286,lillautami,Aaaa ada soloğŸ¥º,Positif,instagram
287,claraabunga__,untuk lokasinya bisa pilih berapa min?,Netral,instagram
288,apple.piw,Udah di tutup ya kok gada min?,Negatif,instagram
289,pacar.salim,d3 semester akhir bisa ga min ğŸ˜­,Negatif,instagram
290,srhni17_,Bismillah udah daftar semoga lolos berkas dll. Aamiin. Infoin dunk min Pengumuman lolos nya bulan Agustus ya min? @livingintelkom,Positif,instagram
291,ilyaaar.fd,berarti kalo yang ga dapat email invitation ga keterima yaa?,Netral,instagram
292,hhhides,Halo semua aku mau nanya kalo misalkan salah isi sks apakah bisa di perbaiki? Soalnya udah terlanjur submitğŸ˜«,Netral,instagram
293,madebyjayyie,kakminnn cv yg diapply harus sama ngga sama yg di magenta,Netral,instagram
294,jenieeeeeeo,kalo web stuck gmn ya min?,Negatif,instagram
295,gstwuland,"kak, saya sudah enrollment, sudah terima undangan, tapi dikasih reminder di WhatsApp kalau saya belum enrollment. gimana ya kak?",Netral,instagram
296,higrandey,"kak, pakta integritasnya knp gabisa diunduh yaa??",Negatif,instagram
297,eliasyw0o,"kalo udah enroll, trs pengisian sksnya salah bisa diubah ga ya min",Netral,instagram
298,isntlanaa,Min aku masih blm dapet email itu gimana yaaağŸ¥²ğŸ¥²,Negatif,instagram
299,mister.brada,"Min aku udah dapet email, dah regist + reenrollment tp knp ttp dpt wa belum regist ya? Padahal dah tertera jelas kok, aku screenshot dan kirim lgsg ke tim cp nya. Webnya jg error minn aku gbs ngecek",Negatif,instagram
300,erlinsariramadani,"Permisi min, apa ada silabus kegiatan selama magang ini min?",Netral,instagram
301,srhni17_,Ini belum ada email pemilihan lagi ya? Kalau sampe tanggal 15 Juli gadapet berarti ga lolos kak? ğŸ˜¢,Negatif,instagram
302,nabilla_sukmalarassati,"Kak Min mau nanya dong, kalau misal mentee daftar lebih dari 1 divisi dan selalu gagal saat isi form undangan berikutnya gimana ya?",Netral,instagram
303,midlyn_n,Min jumlah SKS yang diambil diisi 20? Bukannya dari petunjuk misal mau konversi semua diisi 0?,Netral,instagram
304,irsyadfahrezi,"Min, saya salah mengisi â€œJumlah SKS diambilâ€ itu nanti bisa diubah gak min?ğŸ¥²ğŸ¥²",Negatif,instagram
305,yongkigunawan08,Nice try brarti ğŸ˜¢,Negatif,instagram
306,sepuluhmei2026,Wah congrats guys yg batch mahasiswa ğŸ”¥ğŸ‘,Positif,instagram
307,adhrafif,sampe detik ini ada yg masih belum dapet email? dan belum ada perubahan status di website?,Negatif,instagram
308,ayumiranda_lbg,Adakah yg lolos marketing?,Netral,instagram
309,clouddsett,ini klo di web nya masih diproses brrti g keterima yaa min?ğŸ˜¢,Negatif,instagram
310,2nd.apisss,"gimana ini min saya blm dapet email lolos/tidak tp di web juga ga berubahÂ², baik web digistar maupun magenta",Negatif,instagram
311,whoosssyya,adakah yg dapet email ga lolos?,Negatif,instagram
312,ajengshy_,belum dapet email ga lolos ya min?,Netral,instagram
313,chandets_dra,Adakah yang lolos data analyst jaksel?,Netral,instagram
314,ajengshy_,Ada yg lolos learning value chain Bandung?,Netral,instagram
315,_.andri,7 februari apa 6 februari kak ? di web 7 feb,Netral,instagram
316,devitazizahmhrn_,Ini yang termasuk fresh graduate kah?,Netral,instagram
317,_atikah_12_,Ini semua 253 sdh dpt email kah??,Netral,instagram
318,xcvlfta_,gaiss researcher bandung ada yang lolos???,Netral,instagram
319,nnpratamaaa,"Thankyou telkom, MSIB, DDB batch agustus, dan digistar. Walaupun mungkin belum bisa bergabung, aku berharap bisa bergabung dengan keluarga telkom di kesempatam lainnya ya ğŸ’—âœ‰ï¸",Positif,instagram
320,irfan.fahreza1702,Fresh graduate kapan min?,Netral,instagram
321,zakifr_,WaahhhhhğŸ”¥ğŸ”¥ğŸ”¥ daftarr buruannn dijamin seru bangetğŸ”¥,Positif,instagram
322,puturiskaaaaa,"YEYY SUDAHH BUKA! yang kemarin nanyain kapan DCI buka, cussss jangan sampai ketinggalan!!!",Positif,instagram
323,lillautami,Finally di spill kebutuhan berkasnya. Thankyou min!,Positif,instagram
324,afwamii.e,Semester 8 bisa ga min?,Netral,instagram
325,ardhiniihasna,Onboard nya bulan apa kakk,Netral,instagram
326,yulend__,Min mahasiswa sem 8 yg 30 agustus wisuda boleh gk? masuknya kategori mana?,Netral,instagram
327,sanitasiregar_,it's your time to shine ğŸ¤©,Positif,instagram
328,nabilaaaakn,IHH KENAPA GA MINIMAL SEMESTER 5ğŸ˜¢ğŸ˜¢ğŸ˜¢ğŸ˜¢,Negatif,instagram
329,xyz36.__,Freshgrad mana min,Netral,instagram
330,diipaaaaaaaa_,yg buat freshgrad kapan minn,Netral,instagram
331,puturiskaaaaa,cung yg pengen daftar lagi âœ‹ğŸ»,Positif,instagram
332,tity.alayda,wahhhğŸ˜ğŸ”¥ğŸ”¥,Positif,instagram
333,twinkefairy_,penempatannya di jakarta ya?,Netral,instagram
334,creqmyyate,bisa konversi ga sih?,Netral,instagram
335,sweet9yu,buat fresh graduate kapan minn,Netral,instagram
336,riniiyaaa_,Sedihh semester 5 belum bisağŸ˜¢,Negatif,instagram
337,anotherstarsrighthere,"Halo kak, jika mahasiswa yang sudah selesai sidang skripsi apakah bisa mengikuti kegiatan ini,",Netral,instagram
338,wrdt_spp,Yahh smt 5 gabisa ya kak,Negatif,instagram
339,audhiarahmadanirahmat,"Kalau sekarang udah semester 4, udah boleh apply ga kak?",Netral,instagram
340,xcvlfta_,batch fresh graduate kapan kakk,Netral,instagram
341,jouska_19,Kalo yg tahun ini akan wisuda bagaimana min? Masih bisa ikut atau ada program lain?,Netral,instagram
342,grabmyjob,kak freshgrad gabisa yaa huhu?,Negatif,instagram
343,puturiskaaaaa,MAU DAFTAR LAGIIIIIII ğŸ˜ğŸ˜,Positif,instagram
344,anothercitra.png,"kak kalau saat pendaftaran kita belum sidang, dan ketika on boarding udah sidang dan dinyatakan lulus tapi belum yudisium, apakah masih bisa ikut batch ini?",Netral,instagram
345,pinkieblinky_area,kak ini re enrollment nya gimana ya?,Netral,instagram
346,alterboyyyyz,ini tuh stupen atau magang ya?,Netral,instagram
347,agil._._,fresh graduate bisa kan min? saya sudah apply @livingintelkom,Netral,instagram
348,iimmanuuel,CANâ€™T WAITT ğŸ”¥ğŸ”¥ğŸ¤©ğŸ¤©ğŸ¤©,Positif,instagram
349,larskamila,Smgt guyss!!ğŸ”¥,Positif,instagram
350,mister.brada,â¤ï¸ğŸ™Œ,Positif,instagram
351,nabilla_sukmalarassati,Semoga dapet kesempatan magang di DigistarğŸ’…ğŸ»,Positif,instagram
352,creqmyyate,kapan pengumumannya ya kak?,Positif,instagram
353,hapiipahhh,Bismillah,Positif,instagram
354,tsyawa_,Bismillah ğŸ”¥,Positif,instagram
355,nuradenariz,Bismillahâ¤ï¸ğŸ”¥,Positif,instagram
356,delianazuliaa,Bismillah,Positif,instagram
357,deeznode,manifestingg âœ¨,Positif,instagram
358,jelleeyaasngyu,ini masih tahap apaa?ğŸ¥¹,Positif,instagram
359,irsyadfahrezi,Pengumuman nya kapan jir,Positif,instagram
360,putrijantikaa,Semoga dapet kesempatanğŸ™Œ,Positif,instagram
361,mysaurel,"bismillah, semoga kita dpt kesempatan yaa kak @afifah_f05 ğŸ¤²ğŸ»â¤ï¸ğŸ¥¹",Positif,instagram
362,labloomiz ,ikut yang chapter apa yg dr digistar club nya langsung? aku ranger nya soalnya haha,Negatif,x
363,dduumdum,"merdeka belajar dikit bgt é¦ƒæ‹ƒé‰å¬¸ç…†ï¿½ telkom jg ga masuk + digistar jg dikurangin slotnya, di bdg aja cuma corpu guys",Negatif,x
364,erinaceinae__,ada yg struggling daftar di website telkom digistar ga ya?,Negatif,x
365,minfeatwon,"assalamualaikum bro bro semua, ada yg daftar digistar dan udah ngisi re-enrollment ga ya? atau yang batch sebelumnya pernah daftar? aku mau nanya soal pengalaman proyek tuh bentuk rilnya kayak kegiatan yg gimama aja yang termasuk?",Netral,x
366,itsxpryanka,digistar terima aku plis xixi,Positif,x
367,vevelalaa_,P ada yg daftar digistar telkom ga?,Netral,x
368,ajelnuttz,"@joy__ox kalau pemerintahan setau aku rata rata unpaid, bumn beda beda sih sistemnya. kalau telkom yg digistar itu paid bantuan biaya gt sih",Netral,x
369,ajelnuttz,"@joy__ox kalau kayak bumn telkom kmrn aku coba tuh dia jg via email gt di website digistar intern, bumn lain jg miripéˆ¥ï¿½ gitu",Netral,x
370,loveivoryyy,ow beautiful my life would be if i were accepted at Digistar ,Positif,x
371,himaska_unri,Halo Sobatika! é¦ƒã‰é‰ï¿½ Ada kabar baik nih buat kamu mahasiswa aktif minimal semester 6! Telkom Indonesia kembali membuka pendaftaran program Digistar Class Intern Batch 3 loh~,Positif,x
372,K1L1O,"@BigCheezy_ telkom lagi buka digistar 
https://t.co/NsQLlsLdOO",Netral,x
373,informasidak,"Kolaborasi kampus dan industri makin kuat berkat digistar connect dari telkom indonesia
#berita #telkomindonesia #digistarconnect #digistar #telkomforyou
@TelkomIndonesia @KemenBUMN https://t.co/wjVuYg0vzB",Positif,x
374,worksfess,Guys digistar class intern buka lagi di magenta. Yang mau dapet magang + mentoring class (hard skill + soft skill) kata aku sih gas daftar. H-3 close regé¦ƒæŒœ Work! https://t.co/3d9wTHSEhA,Positif,x
375,newsupdateinf,"Telkom melalui Digistar Connect telah menjembatani gap antara pendidikan tinggi &amp; industri digital. Lebih dari 4.800 mahasiswa, alumni  pencari kerja muda telah mengikuti 30 sesi

#berita #telkomindonesia #digistarconnect #digistar #telkomforyou

@kemenBUMN @telkomindonesia https://t.co/IxXy8aC3x8",Positif,x
376,Ahmed | CV MakerğŸ‘¨ğŸ»â€ğŸ’»,"Kak kampusku gaada di list, pas klik pengajuan keterangannya sudah ada di database, itu gmna yağŸ™ğŸ»",Negatif,x
377,Piscesscha,nama kampus saya gk terlihat pas mau daftar ğŸ¥²,Negatif,tiktok
378,nafizhaann,Internship wfo nya dmna kak? Di cabang masing2 kota atau gimana ya?,Netral,tiktok
379,zznazz,"kak, untuk HR reasaearch asisstant memang cuma dibuka untuk student kah? soalnya cuma nemu yg deadlinenya 8 januari, on boarding 10 februari. buat freshgrad gaada kah atau emang belum posting aja?",Netral,tiktok
380,flskkfqlkg,"apa daya kl prodiku ga ada samsek lokernya, pdhl cmn beda 1 katağŸ˜Œ",Negatif,tiktok
381,Dann?,ntr bakal ad buat vidio perkenalan ga ya? mager buat vidio..,Negatif,tiktok
382,caa,kak ini wfh atau wfo ya?,Netral,tiktok
383,Cahyozzzz,"kak ini kebanyakan wfh atau wfo, apakah bisa kalau masih ada matkul wajib di kuliah?",Netral,tiktok
384,Aiiiiiiii,Pengen ikutan tapi official semester 6 nya bulan depanğŸ˜­,Positif,tiktok
385,w à­¨à­§,ka ko udh gaada ya?,Negatif,tiktok
386,Yayang Maulud,"ka aku udah ada email waktu itu lanjut ke tahap tes online dan interview submit video dan aku udah submit video interview ku tgl 19, tapi sampai saat ini GK ada info lagi itu kapan diinfo lagi ya?",Netral,tiktok
387,ryne,"Kak, untuk posisi designer itu maksudnya graphic designer atau bukan yaa?",Netral,tiktok
388,firaiueo,kalau gak punya sertifikat dan portofolio bisa daftar gak kak?,Netral,tiktok
389,mangan,Program magenta busa konversi sks g si min?,Netral,tiktok
390,cika,ka untuk yang copywriter ga bisa untuk jurusan sastra inggris ya??,Netral,tiktok
391,Adindaluvvâ™¡ğŸ€â™¡,prodi pendidikan apa bisa kak?,Netral,tiktok
392,opseo,Kak rata-rata lowongannya buat S1 yaa:(((,Negatif,tiktok
393,Tobewho?,Bismillah lolos,Positif,tiktok
394,Inisial A,posisi utk FG sikit sekaliğŸ˜­,Negatif,tiktok
395,user324567,kak kok ga bisa login ya kata sandi salah terus :(,Negatif,tiktok
396,gaby,jatim gaada yaa?,Negatif,tiktok
397,Joriqqq,susah bgt nyari persyaratannya yg bisa semua jurusanğŸ˜”,Negatif,tiktok
398,user324567,ga ada kak pas dicari,Negatif,tiktok
399,zaska,br lewat perpanjamg lgi dong daftarnya,Negatif,tiktok
400,Aelah,"Sangat tertatrik bergabung , sudah lewat tahap Administrasi , kemarin baru siap submit video resume nya , semoga lewat di bidang Developer",Positif,tiktok
401,sikberrrr,"nggak usah tulis lokasi seluruh Indonesia kak...klau ujung2 nya magang di jakarta, bandung, balik papan.. Wkwkwk..gua excited banget padahal..kirain ada di provinsi gua",Negatif,tiktok
402,,Michael Owen James Mayau ini mahasiswa semester 5 setahun yang lalu masih bisa daftar ga ya min,Netral,linkedin
403,,Absolutely amazing,Positif,linkedin
404,,"manifesting diterima di Digistar Class Intern batch 3 mahasiswa, aamiin",Positif,linkedin
405,,Mari bertemu di kesempatan lain!,Positif,linkedin
406,,Mau ikutan tapi tidak diizinkan kampusku ğŸ˜­,Positif,linkedin
407,,Thank youğŸ˜€,Positif,linkedin
408,,"Bukan mahasiswa lagi tapi ingin sekali daftar :"")",Positif,linkedin
409,,Secure your seat! Good luck applicants ğŸ™Œâ£ï¸,Positif,linkedin
410,,cung yg udah daftar dari lamaa!,Positif,linkedin
411,,min buat jurusan cyber security ada?,Netral,linkedin
412,,Congrats! ğŸ‰,Positif,linkedin
413,,Mantebh Kak Min nya aktif n responsive....,Positif,linkedin
414,,Trims KakMin bakal lanjutin jawab pertanyaan-pertanyaan lanjutanğŸ‘ğŸ»ğŸ‘ğŸ»ğŸ‘ğŸ»,Positif,linkedin
415,,Thanks for sharing,Positif,linkedin
416,,Wah sayang sih kalau ga daftar. Start dari sem. 5 loh ğŸ‰ğŸš€,Positif,linkedin
417,,Mantabhhh...semoga di perpanjang lagi ya Kak Min....,Positif,linkedin
418,,Love this!,Positif,linkedin
419,,Serafim Bella Naomi Hutapea gass bell,Positif,linkedin
420,,"Wah info menarik min, jadi bisa kabarin untuk yang masih semester 5 nih, biar bergegas daftar ğŸ™Œ",Positif,linkedin
421,,Semester 4 yang otw semester 5 boleh ga min???,Netral,linkedin
422,,"Okky Tri Nugroho katanya sih boleh asal nilai semester 4 udah keluar, masalahnya kampusku baru mau UAS",Netral,linkedin
423,,"Good news! For student from semester 5 and up, donâ€™t miss out apply fast!ğŸ”¥",Positif,linkedin
424,,Tambahin posisi di Telkom Ambon dong min!,Positif,linkedin
425,,"Wah, ada berita bagus nihğŸ”¥ğŸ”¥ğŸ”¥ berani mulai, berani berkembangğŸš€ğŸš€ğŸš€",Positif,linkedin
426,,"Informasi menarik, kabar baik untuk kamu yg masi semester 5 ni, banyak role pilihan yg bisa kami daftar, yuk segera daftar ğŸš€",Positif,linkedin
427,,Okky Tri Nugroho boleh banget,Positif,linkedin
428,,Tunggu apalagi??? Buruan daftarğŸ”¥ğŸ”¥ğŸ”¥,Positif,linkedin
429,,Love this!,Positif,linkedin
430,,Selamat! ğŸ‰,Positif,linkedin
431,,Keren nih mentor kita Kaka Damar Satrio Yudanto,Positif,linkedin
432,,"Izin nanya min, untuk yg tahun ini akan wisuda apakah masih bisa atau nanti ada program untuk fresh graduate?",Netral,linkedin
433,,Excited for this!,Positif,linkedin
434,,Bersemangat untuk ini ğŸ”¥,Positif,linkedin
435,,"Wah, semangat yaa buat yang join digistar class intern kali iniğŸš€ğŸš€ğŸš€",Positif,linkedin
436,,Canâ€™t Wait! âœ¨ğŸ¤©,Positif,linkedin
437,,I am very interestedğŸ™ŒğŸ¼,Positif,linkedin
438,,Congrats! ğŸ‰,Positif,linkedin
439,,So exited for this!,Positif,linkedin
440,,Love this!,Positif,linkedin
441,,Tuh udah di share tutorialnya sama KakMinğŸ¤©ğŸ¤©ğŸ¤©,Positif,linkedin
442,,Love thisï¼,Positif,linkedin
443,,OMG akhirnya datang lagi!!!!,Positif,linkedin
444,,Excited for this!,Positif,linkedin
445,,Ayo curi start. Be the first registrant,Positif,linkedin
446,,"kali ini ga boleh terlewat lagi, harus coba daftar! ğŸ”¥ ğŸ¤©",Positif,linkedin
447,,Whatt?!!! Batch 3,Positif,linkedin
448,,Bersemangat untuk ini ğŸ”¥,Positif,linkedin
449,,OMG CANâ€™T WAIT!,Positif,linkedin
450,,Can't wait for thiss! ğŸ”¥,Positif,linkedin
451,,Congrats! ğŸ‰,Positif,linkedin
452,,"Kak, mau tanya kalo untuk mahasiswa semester 4 bisa ikut nggak ya??",Netral,linkedin
453,,Absolutely amazing,Positif,linkedin
454,,"So excited apalagi buat saya yang antusias coba lamar intern di berbagai perusahaan yang diketahui tapi belum ada kabar lanjutan, semoga saja kesempatannya justru di Telkom ini ya",Positif,linkedin
455,,SO EXCITED!,Positif,linkedin
456,,Alhamdulillah akhirnya ada lagi. Mudah-mudahan punya kesempatan untuk magang di sini. BismillahğŸ”¥,Positif,linkedin
457,,"Ilmi Nurchasanah Semangat, Kakmin tunggu! ğŸ™†ğŸ»â€â™€ï¸",Positif,linkedin
458,,buat semester 8 yg beres sidang boleh?,Netral,linkedin
459,,Start preparing yourself and get your documents ready and stay tunedğŸ”¥ğŸ”¥ğŸ”¥,Positif,linkedin
460,,buat fresh graduate bsa ga ya min?,Netral,linkedin
461,,"Kak mau tanya, nanti lokasi penempatannya dimana ya, kak?",Netral,linkedin
462,,"Interested, open to all major or not?",Positif,linkedin
463,,Impressive!,Positif,linkedin
464,,Bersemangat untuk ini ğŸ”¥,Positif,linkedin
465,,Kerenn ğŸ‘ğŸ‘ğŸ‘. Congrats mbak Galuh Beningkinasih Worosunti & Nenggala Yudhabrama.,Positif,linkedin
466,,Congrats! ğŸ‰,Positif,linkedin
467,,"Kelas kali ini memperluas wawasan n mempersiapkan diri menghadapi dunia kerja yang sesungguhnya, keren sekali kakak mentornyağŸ«¶ğŸ»ğŸ˜Š",Positif,linkedin
468,,Para mentor yang sudah berpengalaman di dunia profesionalğŸš€ğŸš€ğŸš€,Positif,linkedin
469,,"Oskar Muin, M.T thank you Oskar!ğŸ™ŒğŸ»",Positif,linkedin
470,,aaak! Super duper cant wait to learn and contribute ğŸ˜,Positif,linkedin
471,,Kereen Mas.e Amien Karim Sist Narda Davina Mas Muhamad Alfan Nurdin ğŸ‘,Positif,linkedin
472,,"Firman F.. Aaak thank youuu kaka firman, Let's Grow! 
 hashtag
 #DigitalForFuture",Positif,linkedin
473,,Great opportunity,Positif,linkedin
474,,Glad to have such dedicated and talented mentors on board! â£ï¸,Positif,linkedin
475,,mimin kok ga sesuai timeline sih? udah dikirim surat cinta aja nih,Negatif,instagram
476,,"Min, aku udah nyoba sejam lebih tapi tetep ngga bisa donload app SEB nya, gimana yaa? apakah bisa dicoba ulang? sayang banget kesempatan ini gagal gara gara sistem ngga bisa diaksesğŸ˜­",Negatif,instagram
477,,Ka sks tetep ga bisa dirubah ? ğŸ˜­ğŸ˜­,Negatif,instagram
478,,Cung yang dapet email tidak lolosğŸ˜¢,Negatif,instagram
479,,kak ini kalo udah dapet email belum lolos ga bisa ada kesempatan lagi kah? kalo di timeline kan pengumuman masih tgl 25 juliğŸ˜­,Negatif,instagram
480,,"Izin Min, saya udah dari jam 8 malam buka website dan hanya tinggal submit link ga bisa terus, sampai jam 4 pagi saya diam diri melamun ketolak karna kendala ga bisa submit, ga ada cara lain kah min untuk submit video selain dari web? Udah 2 kali saya ditolak cuman karna ga bisa submit lewat web, padahal udah di kasih perpanjangan waktuğŸ˜¢",Negatif,instagram
481,,minnn apakah tidak ada extend satu kali lagi minnn Digistar Class Internnyyaaa sampe jam 9 pagi saja tidak papa minâ€¦saya tinggal submit linkkk videonyağŸ˜”ğŸ˜”tadi sinyal tiba tiba-tiba hilangğŸ˜”ğŸ˜”,Negatif,instagram
482,,ini aku exam nya knp yaa eror trus :(,Negatif,instagram
483,,Aduhhhhh aku telat yg trial testğŸ˜­ğŸ˜­ğŸ˜­ udh gabisa diakses kah??,Negatif,instagram
484,,Kak downloadnya gagal terus nih storage laptop aman sinyal aman tapi ga beres beres,Negatif,instagram
485,,plis aku kurang paham sama seb ğŸ˜Ÿ,Negatif,instagram
486,,"Min, kok aku gak ada link buat submit video resume ya, aku udah scroll di bagian ""program saya"" tapi gak ada ya",Negatif,instagram
487,,"Ada yg masih blm bisa gaa? Kok saya gagal saat setup aplikasi seb nyaa yaa? Error message: ""setup failed"" ğŸ˜¢.. solusi nya gimana?",Negatif,instagram
488,,Min kenapa online test nya harus pakai laptopğŸ˜¢,Negatif,instagram
489,,tbtb laptop blue screen minğŸ¥²ğŸ¥²ğŸ¥²,Negatif,instagram
490,,kalo web stuck gmn ya min?,Negatif,instagram
491,,"kak, pakta integritasnya knp gabisa diunduh yaa??",Negatif,instagram
492,,Ini belum ada email pemilihan lagi ya? Kalau sampe tanggal 15 Juli gadapet berarti ga lolos kak? ğŸ˜¢,Negatif,instagram
493,,"Min, ga ada solusi kah buat pesertayang selalu error web nya saat pengisian undangan",Negatif,instagram
494,,"Min solusi untuk NIK yang sudah terpakai gimana ya? Kebetulan sudah email dan wa min tetapi belum ada jawaban, thankyou min",Negatif,instagram
495,,"Min, Tolong solusi buat yang webnya stuck/eror minğŸ™ğŸ», udah bingung bgt kenapanya",Negatif,instagram
496,,min ini bagian nama institusi saya gabisa isi,Negatif,instagram
497,,"Min aku udah dapet email, dah regist + reenrollment tp knp ttp dpt wa belum regist ya? Padahal dah tertera jelas kok, aku screenshot dan kirim lgsg ke tim cp nya. Webnya jg error minn aku gbs ngecek",Negatif,instagram
498,,MIN MASIH BLM DAPET EMAIL PADAHAL UDH BERHASIL DAFTAR DI WEB MAGENTAAğŸ˜­ğŸ˜­ğŸ˜­,Negatif,instagram
499,,Min kok pakta integritas gak bisa dibuka unduhannya,Negatif,instagram
500,,min yang webnya error setiap mau submit gimana ya,Negatif,instagram